充电桩,南洲路
充电桩,南洲路
充电桩,南洲路
充电桩,南洲路
充电桩,南洲路
充电桩,振兴大街
充电桩,振海路
开关站,南洲路
开关站,江南大道南
开关站,振兴大街
开关站,振兴大街
开关站,沥滘路
开关站,振兴大街
开关站,振兴大街
开关站,振兴大街
开关站,振兴大街
开关站,南洲路
开关站,工业大道南
开关站,南洲路
开关站,南洲路
开关站,南洲路
开关站,南洲路
开关站,南洲路
开关站,南洲路
开关站,南洲路
开关站,振兴大街
开关站,振兴大街
开关站,振兴大街
开关站,振兴大街
开关站,南瑞宝路
开关站,大干围
开关站,大干围
开关站,大干围
开关站,沥滘振兴大道
开关站,三滘立交
开关站,沥滘振兴大街
开关站,三滘立交
开关站,三滘立交
开关站,三滘立交
开关站,沥滘振兴大街
开关站,三滘立交
开关站,三滘立交
开关站,沥滘路
变电站,南洲路
变电站,江南大道南
变电站,江南大道南
变电站,迎祥坊
变电站,广州环城高速
变电站,振兴大街
变电站,南洲路
变电站,振兴大街
变电站,振兴大街
变电站,振兴大街
变电站,振兴大街
变电站,大干围
变电站,广州大道南
变电站,广州大道南
垃圾基础设施_独立占地,振兴大街
垃圾基础设施_独立占地,迎祥坊大街
垃圾基础设施_独立占地,南天大道
垃圾基础设施_独立占地,童悦路
垃圾基础设施_独立占地,振兴大街
垃圾基础设施_独立占地,童悦路
垃圾基础设施_独立占地,沥滘路
垃圾基础设施_独立占地,沥滘路
垃圾基础设施_独立占地,沥滘路
垃圾基础设施_独立占地,振兴大街